{
  "HTTP请求" : {
    "transaction" : "HTTP请求",
    "sampleCount" : 1000,
    "errorCount" : 0,
    "errorPct" : 0.0,
    "meanResTime" : 13900.686999999998,
    "medianResTime" : 14330.0,
    "minResTime" : 7913.0,
    "maxResTime" : 15886.0,
    "pct1ResTime" : 15434.9,
    "pct2ResTime" : 15554.0,
    "pct3ResTime" : 15723.96,
    "throughput" : 61.86204763377668,
    "receivedKBytesPerSec" : 73.33769911846582,
    "sentKBytesPerSec" : 7.913992421899165
  },
  "Total" : {
    "transaction" : "Total",
    "sampleCount" : 1000,
    "errorCount" : 0,
    "errorPct" : 0.0,
    "meanResTime" : 13900.686999999998,
    "medianResTime" : 14330.0,
    "minResTime" : 7913.0,
    "maxResTime" : 15886.0,
    "pct1ResTime" : 15434.9,
    "pct2ResTime" : 15554.0,
    "pct3ResTime" : 15723.96,
    "throughput" : 61.86204763377668,
    "receivedKBytesPerSec" : 73.33769911846582,
    "sentKBytesPerSec" : 7.913992421899165
  }
}