{
  "主页" : {
    "transaction" : "主页",
    "sampleCount" : 1000,
    "errorCount" : 1000,
    "errorPct" : 100.0,
    "meanResTime" : 24660.160000000025,
    "medianResTime" : 26329.0,
    "minResTime" : 15435.0,
    "maxResTime" : 31686.0,
    "pct1ResTime" : 27784.6,
    "pct2ResTime" : 28614.95,
    "pct3ResTime" : 29332.84,
    "throughput" : 31.412954702519322,
    "receivedKBytesPerSec" : 111.48218345558209,
    "sentKBytesPerSec" : 0.0
  },
  "igo" : {
    "transaction" : "igo",
    "sampleCount" : 1000,
    "errorCount" : 0,
    "errorPct" : 0.0,
    "meanResTime" : 10464.665,
    "medianResTime" : 11856.5,
    "minResTime" : 6669.0,
    "maxResTime" : 13499.0,
    "pct1ResTime" : 12184.0,
    "pct2ResTime" : 12562.0,
    "pct3ResTime" : 12610.95,
    "throughput" : 39.23414940364093,
    "receivedKBytesPerSec" : 238.28370213433774,
    "sentKBytesPerSec" : 4.597751883239171
  },
  "game" : {
    "transaction" : "game",
    "sampleCount" : 1000,
    "errorCount" : 0,
    "errorPct" : 0.0,
    "meanResTime" : 9072.242999999999,
    "medianResTime" : 8469.0,
    "minResTime" : 5106.0,
    "maxResTime" : 12713.0,
    "pct1ResTime" : 12659.0,
    "pct2ResTime" : 12677.0,
    "pct3ResTime" : 12703.98,
    "throughput" : 56.34437683119225,
    "receivedKBytesPerSec" : 342.30617534370066,
    "sentKBytesPerSec" : 6.657880465404552
  },
  "gens" : {
    "transaction" : "gens",
    "sampleCount" : 1000,
    "errorCount" : 2,
    "errorPct" : 0.2,
    "meanResTime" : 12644.511999999995,
    "medianResTime" : 13583.0,
    "minResTime" : 4096.0,
    "maxResTime" : 25724.0,
    "pct1ResTime" : 16155.0,
    "pct2ResTime" : 17839.949999999997,
    "pct3ResTime" : 21205.89,
    "throughput" : 35.99712023038157,
    "receivedKBytesPerSec" : 218.40936318844493,
    "sentKBytesPerSec" : 4.245058832793377
  },
  "Total" : {
    "transaction" : "Total",
    "sampleCount" : 4000,
    "errorCount" : 1002,
    "errorPct" : 25.05,
    "meanResTime" : 14210.39499999998,
    "medianResTime" : 12142.5,
    "minResTime" : 4096.0,
    "maxResTime" : 31686.0,
    "pct1ResTime" : 26647.5,
    "pct2ResTime" : 27173.55,
    "pct3ResTime" : 28674.98,
    "throughput" : 65.54905527424086,
    "receivedKBytesPerSec" : 356.66815688347015,
    "sentKBytesPerSec" : 5.78928103952608
  }
}